,airport,airport_name,arr_flights,arr_del15,carrier_ct,weather_ct,nas_ct,security_ct,late_aircraft_ct,arr_cancelled,arr_diverted,arr_delay,carrier_delay,weather_delay,nas_delay,security_delay,late_aircraft_delay
0,ABE,"Allentown/Bethlehem/Easton, PA: Lehigh Valley International",309.0,39.0,21.53,0.72,8.19,0.0,8.56,7.0,4.0,2443.0,1396.0,18.0,782.0,0.0,247.0
1,ABI,"Abilene, TX: Abilene Regional",194.0,12.0,3.8,0.06,3.72,0.0,4.41,7.0,0.0,1578.0,236.0,2.0,1074.0,0.0,266.0
2,ABQ,"Albuquerque, NM: Albuquerque International Sunport",993.0,114.0,58.9,5.07,16.25,1.0,32.79,27.0,1.0,7166.0,3977.0,1043.0,585.0,23.0,1538.0
3,ABR,"Aberdeen, SD: Aberdeen Regional",62.0,7.0,6.0,1.0,0.0,0.0,0.0,2.0,2.0,602.0,494.0,108.0,0.0,0.0,0.0
4,ABY,"Albany, GA: Southwest Georgia Regional",90.0,1.0,0.96,0.0,0.04,0.0,0.0,0.0,0.0,23.0,22.0,0.0,1.0,0.0,0.0
5,ACK,"Nantucket, MA: Nantucket Memorial",12.0,4.0,2.12,0.0,0.0,0.0,1.88,1.0,0.0,222.0,147.0,0.0,0.0,0.0,75.0
6,ACT,"Waco, TX: Waco Regional",91.0,8.0,3.2,0.27,2.1,0.0,2.44,1.0,0.0,521.0,229.0,16.0,75.0,0.0,201.0
7,ACV,"Arcata/Eureka, CA: California Redwood Coast Humboldt County",67.0,4.0,4.0,0.0,0.0,0.0,0.0,0.0,1.0,134.0,134.0,0.0,0.0,0.0,0.0
8,ACY,"Atlantic City, NJ: Atlantic City International",169.0,9.0,1.06,0.89,2.86,0.0,4.2,5.0,3.0,1053.0,53.0,31.0,426.0,0.0,543.0
9,ADK,"Adak Island, AK: Adak",9.0,8.0,0.25,0.69,4.08,0.0,2.97,1.0,0.0,399.0,16.0,47.0,161.0,0.0,175.0
10,ADQ,"Kodiak, AK: Kodiak Airport",43.0,5.0,3.99,0.0,1.01,0.0,0.0,3.0,0.0,182.0,125.0,0.0,57.0,0.0,0.0
11,AEX,"Alexandria, LA: Alexandria International",244.0,28.0,14.64,0.0,11.27,0.0,2.09,1.0,2.0,1359.0,809.0,0.0,485.0,0.0,65.0
12,AGS,"Augusta, GA: Augusta Regional at Bush Field",295.0,27.0,11.07,1.18,9.0,0.0,5.7299999999999995,1.0,0.0,1244.0,440.0,105.0,298.0,0.0,401.0
13,ALB,"Albany, NY: Albany International",458.0,61.0,29.55,3.62,18.07,0.0,9.75,16.0,0.0,4290.0,2024.0,970.0,739.0,0.0,557.0
14,ALO,"Waterloo, IA: Waterloo Regional",28.0,2.0,0.53,0.0,1.47,0.0,0.0,0.0,0.0,92.0,35.0,0.0,57.0,0.0,0.0
15,ALS,"Alamosa, CO: San Luis Valley Regional/Bergman Field",53.0,3.0,2.0,1.0,0.0,0.0,0.0,1.0,1.0,295.0,63.0,232.0,0.0,0.0,0.0
16,AMA,"Amarillo, TX: Rick Husband Amarillo International",269.0,35.0,12.149999999999999,1.4300000000000002,13.280000000000001,0.0,8.14,4.0,1.0,1788.0,651.0,63.0,651.0,0.0,423.0
17,ANC,"Anchorage, AK: Ted Stevens Anchorage International",908.0,144.0,31.770000000000003,4.4,52.14,17.31,38.39,18.0,0.0,6165.0,1454.0,356.0,1714.0,553.0,2088.0
18,APN,"Alpena, MI: Alpena County Regional",53.0,9.0,7.0,2.0,0.0,0.0,0.0,1.0,1.0,703.0,492.0,211.0,0.0,0.0,0.0
19,ASE,"Aspen, CO: Aspen Pitkin County Sardy Field",599.0,165.0,65.0,12.0,43.0,0.0,45.0,24.0,25.0,17283.0,3717.0,2572.0,5160.0,0.0,5834.0
20,ATL,"Atlanta, GA: Hartsfield-Jackson Atlanta International",23124.0,2237.0,769.3599999999999,38.300000000000004,977.19,11.7,440.46999999999997,107.0,6.0,128302.0,66448.0,3971.0,32048.0,521.0,25314.0
21,ATW,"Appleton, WI: Appleton International",333.0,38.0,21.09,2.45,12.52,0.0,1.94,4.0,0.0,1553.0,1091.0,65.0,275.0,0.0,122.0
22,ATY,"Watertown, SD: Watertown Regional",53.0,6.0,4.0,2.0,0.0,0.0,0.0,3.0,1.0,531.0,257.0,274.0,0.0,0.0,0.0
23,AUS,"Austin, TX: Austin - Bergstrom International",2672.0,411.0,173.94,10.18,157.26,0.85,68.78,11.0,8.0,19413.0,9322.0,922.0,5454.0,28.0,3687.0
24,AVL,"Asheville, NC: Asheville Regional",478.0,73.0,28.58,4.75,19.98,0.0,19.68,3.0,2.0,4531.0,2003.0,439.0,890.0,0.0,1199.0
25,AVP,"Scranton/Wilkes-Barre, PA: Wilkes Barre Scranton International",111.0,12.0,4.44,0.86,5.48,0.0,1.23,3.0,0.0,408.0,189.0,42.0,142.0,0.0,35.0
26,AZA,"Phoenix, AZ: Phoenix - Mesa Gateway",447.0,76.0,18.48,8.19,20.59,0.92,27.82,5.0,0.0,6902.0,2295.0,875.0,1044.0,63.0,2625.0
27,AZO,"Kalamazoo, MI: Kalamazoo/Battle Creek International",121.0,18.0,10.24,0.96,6.8,0.0,0.0,1.0,1.0,2201.0,1359.0,619.0,223.0,0.0,0.0
28,BDL,"Hartford, CT: Bradley International",1115.0,184.0,74.17999999999999,4.1,73.25,0.62,31.87,18.0,2.0,9703.0,3760.0,817.0,3029.0,32.0,2065.0
29,BET,"Bethel, AK: Bethel Airport",47.0,5.0,1.9,0.0,1.13,0.0,1.97,0.0,0.0,168.0,63.0,0.0,21.0,0.0,84.0
30,BFF,"Scottsbluff, NE: Western Neb. Regional/William B. Heilig Field",53.0,9.0,6.0,0.0,0.0,0.0,3.0,0.0,0.0,1274.0,1069.0,0.0,0.0,0.0,205.0
31,BFL,"Bakersfield, CA: Meadows Field",177.0,27.0,6.82,3.1,6.46,0.0,10.620000000000001,1.0,0.0,1882.0,940.0,156.0,151.0,0.0,635.0
32,BGM,"Binghamton, NY: Greater Binghamton/Edwin A. Link Field",31.0,10.0,7.0,2.0,1.0,0.0,0.0,0.0,1.0,735.0,419.0,269.0,47.0,0.0,0.0
33,BGR,"Bangor, ME: Bangor International",134.0,11.0,3.98,4.0,1.06,0.09,1.88,1.0,0.0,312.0,89.0,121.0,25.0,2.0,75.0
34,BHM,"Birmingham, AL: Birmingham-Shuttlesworth International",902.0,125.0,58.44,2.41,31.37,0.65,32.14,5.0,2.0,5525.0,2778.0,106.0,1121.0,36.0,1484.0
35,BIL,"Billings, MT: Billings Logan International",365.0,54.0,31.08,2.0,4.99,0.0,15.93,2.0,3.0,4010.0,2793.0,65.0,286.0,0.0,866.0
36,BIS,"Bismarck/Mandan, ND: Bismarck Municipal",340.0,43.0,20.07,4.0,6.75,0.0,12.17,5.0,0.0,2436.0,1193.0,273.0,216.0,0.0,754.0
37,BJI,"Bemidji, MN: Bemidji Regional",62.0,16.0,12.0,4.0,0.0,0.0,0.0,2.0,0.0,1817.0,689.0,1128.0,0.0,0.0,0.0
38,BLI,"Bellingham, WA: Bellingham International",49.0,4.0,1.0,0.0,1.06,0.0,1.94,4.0,0.0,367.0,84.0,0.0,32.0,0.0,251.0
39,BLV,"Belleville, IL: Scott AFB/MidAmerica",72.0,7.0,3.45,0.0,3.19,0.0,0.36,0.0,0.0,175.0,84.0,0.0,85.0,0.0,6.0
40,BMI,"Bloomington/Normal, IL: Central Il Regional Airport at Bloomington",170.0,21.0,13.98,1.07,3.59,0.0,2.37,0.0,0.0,1695.0,1425.0,27.0,167.0,0.0,76.0
41,BNA,"Nashville, TN: Nashville International",4438.0,490.0,193.03,12.85,153.25,0.0,130.86,36.0,4.0,22660.0,9159.0,945.0,5588.0,0.0,6968.0
42,BOI,"Boise, ID: Boise Air Terminal",1410.0,158.0,79.58,13.39,24.9,1.0,39.14,17.0,7.0,9751.0,3809.0,1502.0,1392.0,95.0,2953.0
43,BOS,"Boston, MA: Logan International",4744.0,706.0,228.72,26.830000000000002,292.72,3.28,154.46,132.0,8.0,43836.0,13320.0,4892.0,12042.0,190.0,13392.0
44,BPT,"Beaumont/Port Arthur, TX: Jack Brooks Regional",77.0,11.0,3.54,1.0,3.64,0.0,2.83,0.0,0.0,401.0,120.0,40.0,146.0,0.0,95.0
45,BQK,"Brunswick, GA: Brunswick Golden Isles",90.0,6.0,3.8,0.0,1.63,0.0,0.57,0.0,0.0,374.0,249.0,0.0,88.0,0.0,37.0
46,BRD,"Brainerd, MN: Brainerd Lakes Regional",53.0,7.0,7.0,0.0,0.0,0.0,0.0,2.0,0.0,1776.0,1776.0,0.0,0.0,0.0,0.0
47,BRO,"Brownsville, TX: Brownsville South Padre Island International",142.0,19.0,9.1,0.94,4.87,0.0,4.08,0.0,0.0,872.0,383.0,24.0,342.0,0.0,123.0
48,BRW,"Barrow, AK: Wiley Post/Will Rogers Memorial",30.0,5.0,2.24,0.0,2.76,0.0,0.0,0.0,0.0,285.0,197.0,0.0,88.0,0.0,0.0
49,BTM,"Butte, MT: Bert Mooney",58.0,7.0,6.0,1.0,0.0,0.0,0.0,0.0,0.0,284.0,259.0,25.0,0.0,0.0,0.0
50,BTR,"Baton Rouge, LA: Baton Rouge Metropolitan/Ryan Field",335.0,44.0,16.490000000000002,1.17,20.189999999999998,0.0,6.15,0.0,1.0,1746.0,697.0,40.0,726.0,0.0,283.0
51,BTV,"Burlington, VT: Burlington International",248.0,26.0,9.28,3.41,10.16,0.0,3.14,1.0,0.0,2318.0,841.0,379.0,768.0,0.0,330.0
52,BUF,"Buffalo, NY: Buffalo Niagara International",826.0,93.0,44.34,6.0600000000000005,23.34,1.0,18.24,24.0,0.0,5962.0,2733.0,926.0,978.0,15.0,1310.0
53,BUR,"Burbank, CA: Bob Hope",928.0,69.0,36.85,1.0,8.43,0.0,22.72,2.0,1.0,2868.0,1345.0,51.0,309.0,0.0,1163.0
54,BWI,"Baltimore, MD: Baltimore/Washington International Thurgood Marshall",5162.0,484.0,171.63,4.14,177.21,0.54,130.47,107.0,12.0,19947.0,8046.0,424.0,6097.0,14.0,5366.0
55,BZN,"Bozeman, MT: Bozeman Yellowstone International",614.0,105.0,44.46,5.68,38.26,0.0,16.6,4.0,0.0,4945.0,2490.0,480.0,1073.0,0.0,902.0
56,CAE,"Columbia, SC: Columbia Metropolitan",354.0,25.0,16.21,1.0,3.93,0.0,3.86,0.0,0.0,1076.0,677.0,36.0,136.0,0.0,227.0
57,CAK,"Akron, OH: Akron-Canton Regional",139.0,10.0,4.04,0.0,4.15,0.0,1.81,1.0,0.0,413.0,182.0,0.0,112.0,0.0,119.0
58,CDB,"Cold Bay, AK: Cold Bay Airport",18.0,9.0,0.7,1.37,2.74,1.31,2.88,1.0,1.0,405.0,37.0,39.0,126.0,36.0,167.0
59,CDC,"Cedar City, UT: Cedar City Regional",53.0,3.0,3.0,0.0,0.0,0.0,0.0,0.0,2.0,94.0,94.0,0.0,0.0,0.0,0.0
60,CDV,"Cordova, AK: Merle K Mudhole Smith",60.0,15.0,1.63,2.0,4.91,0.0,6.46,5.0,3.0,542.0,38.0,154.0,135.0,0.0,215.0
61,CGI,"Cape Girardeau, MO: Cape Girardeau Regional",53.0,3.0,2.0,0.0,1.0,0.0,0.0,1.0,0.0,123.0,76.0,0.0,47.0,0.0,0.0
62,CHA,"Chattanooga, TN: Lovell Field",400.0,29.0,9.21,3.82,5.3100000000000005,0.53,10.129999999999999,2.0,0.0,1634.0,423.0,229.0,151.0,16.0,815.0
63,CHO,"Charlottesville, VA: Charlottesville Albemarle",118.0,3.0,0.59,1.0,0.0,0.0,1.41,1.0,1.0,110.0,10.0,21.0,0.0,0.0,79.0
64,CHS,"Charleston, SC: Charleston AFB/International",1272.0,162.0,77.21,4.58,49.89,0.85,29.45,6.0,1.0,6596.0,3245.0,291.0,1564.0,28.0,1468.0
65,CID,"Cedar Rapids/Iowa City, IA: The Eastern Iowa",504.0,66.0,38.55,4.53,10.43,0.0,12.48,9.0,1.0,5086.0,3013.0,859.0,308.0,0.0,906.0
66,CIU,"Sault Ste. Marie, MI: Chippewa County International",61.0,16.0,16.0,0.0,0.0,0.0,0.0,1.0,1.0,751.0,751.0,0.0,0.0,0.0,0.0
67,CKB,"Clarksburg/Fairmont, WV: North Central West Virginia",64.0,5.0,4.0,0.0,1.0,0.0,0.0,2.0,0.0,219.0,191.0,0.0,28.0,0.0,0.0
68,CLE,"Cleveland, OH: Cleveland-Hopkins International",2092.0,280.0,109.61,3.77,108.25,4.63,53.74,12.0,3.0,12714.0,5168.0,311.0,3960.0,198.0,3077.0
69,CLL,"College Station/Bryan, TX: Easterwood Field",106.0,15.0,3.3,1.08,6.56,0.0,4.06,0.0,1.0,1152.0,113.0,625.0,169.0,0.0,245.0
70,CLT,"Charlotte, NC: Charlotte Douglas International",13594.0,1193.0,399.53,36.05,453.95,6.0600000000000005,297.39,63.0,9.0,84434.0,34582.0,6994.0,13888.0,229.0,28741.0
71,CMH,"Columbus, OH: John Glenn Columbus International",1869.0,225.0,92.11,3.23,71.61,1.0,57.03,14.0,2.0,11227.0,4986.0,157.0,2536.0,39.0,3509.0
72,CMI,"Champaign/Urbana, IL: University of Illinois/Willard",88.0,10.0,3.53,0.16,3.88,0.0,2.43,0.0,0.0,473.0,119.0,9.0,109.0,0.0,236.0
73,CMX,"Hancock/Houghton, MI: Houghton County Memorial",62.0,2.0,2.0,0.0,0.0,0.0,0.0,3.0,0.0,82.0,82.0,0.0,0.0,0.0,0.0
74,CNY,"Moab, UT: Canyonlands Field",31.0,2.0,1.0,0.0,0.0,0.0,1.0,1.0,1.0,62.0,26.0,0.0,0.0,0.0,36.0
75,COD,"Cody, WY: Yellowstone Regional",50.0,7.0,5.0,0.0,0.0,0.0,2.0,2.0,1.0,207.0,113.0,0.0,0.0,0.0,94.0
76,COS,"Colorado Springs, CO: City of Colorado Springs Municipal",615.0,89.0,55.43,3.0,10.879999999999999,0.0,19.69,2.0,1.0,6167.0,3612.0,232.0,566.0,0.0,1757.0
77,COU,"Columbia, MO: Columbia Regional",59.0,5.0,0.0,0.08,3.5,0.0,1.42,0.0,0.0,392.0,0.0,10.0,172.0,0.0,210.0
78,CPR,"Casper, WY: Casper/Natrona County International",171.0,13.0,11.0,0.0,0.0,0.0,2.0,0.0,1.0,800.0,718.0,0.0,0.0,0.0,82.0
79,CRP,"Corpus Christi, TX: Corpus Christi International",239.0,33.0,10.149999999999999,0.88,8.66,0.0,13.3,2.0,0.0,1077.0,380.0,29.0,236.0,0.0,432.0
80,CRW,"Charleston/Dunbar, WV: Yeager",198.0,20.0,13.21,1.99,3.58,0.0,1.22,1.0,0.0,860.0,571.0,149.0,91.0,0.0,49.0
81,CSG,"Columbus, GA: Columbus Airport",99.0,6.0,2.45,0.97,2.58,0.0,0.0,0.0,0.0,162.0,74.0,33.0,55.0,0.0,0.0
82,CVG,"Cincinnati, OH: Cincinnati/Northern Kentucky International",2117.0,250.0,83.19,6.92,86.66,0.32,72.91,13.0,1.0,13237.0,4994.0,275.0,2974.0,7.0,4987.0
83,CWA,"Mosinee, WI: Central Wisconsin",116.0,16.0,7.0200000000000005,0.43,6.390000000000001,0.0,2.16,3.0,0.0,857.0,352.0,9.0,257.0,0.0,239.0
84,CYS,"Cheyenne, WY: Cheyenne Regional/Jerry Olson Field",31.0,3.0,2.0,0.0,0.0,0.0,1.0,0.0,0.0,611.0,591.0,0.0,0.0,0.0,20.0
85,DAB,"Daytona Beach, FL: Daytona Beach International",273.0,27.0,8.76,2.75,11.58,0.0,3.92,1.0,1.0,1323.0,575.0,177.0,383.0,0.0,188.0
86,DAL,"Dallas, TX: Dallas Love Field",3526.0,343.0,118.67,3.67,128.3,1.82,90.55,14.0,10.0,15122.0,4966.0,295.0,5867.0,147.0,3847.0
87,DAY,"Dayton, OH: James M Cox/Dayton International",462.0,56.0,17.86,0.99,20.57,0.09,16.49,0.0,0.0,2858.0,1092.0,44.0,667.0,6.0,1049.0
88,DCA,"Washington, DC: Ronald Reagan Washington National",2644.0,231.0,98.64,5.49,71.28,1.25,54.339999999999996,30.0,1.0,12425.0,5470.0,681.0,2374.0,44.0,3856.0
89,DDC,"Dodge City, KS: Dodge City Regional",53.0,8.0,4.0,1.0,0.0,0.0,3.0,0.0,0.0,315.0,73.0,42.0,0.0,0.0,200.0
90,DEC,"Decatur, IL: Decatur Airport",53.0,5.0,2.0,0.0,0.0,0.0,3.0,1.0,0.0,382.0,72.0,0.0,0.0,0.0,310.0
91,DEN,"Denver, CO: Denver International",18173.0,2808.0,1152.52,88.96,1110.58,8.42,447.52,168.0,7.0,166623.0,82982.0,10946.0,46528.0,310.0,25857.0
92,DFW,"Dallas/Fort Worth, TX: Dallas/Fort Worth International",19751.0,3634.0,816.79,111.21,1818.16,15.690000000000001,872.15,209.0,63.0,227757.0,68574.0,13186.0,70579.0,641.0,74777.0
93,DHN,"Dothan, AL: Dothan Regional",101.0,10.0,4.79,0.0,0.63,0.0,4.58,0.0,0.0,464.0,244.0,0.0,17.0,0.0,203.0
94,DIK,"Dickinson, ND: Dickinson - Theodore Roosevelt Regional",30.0,7.0,6.0,0.0,0.0,0.0,1.0,0.0,0.0,322.0,266.0,0.0,0.0,0.0,56.0
95,DLH,"Duluth, MN: Duluth International",122.0,11.0,5.94,0.0,4.02,0.0,1.04,3.0,0.0,670.0,398.0,0.0,208.0,0.0,64.0
96,DRO,"Durango, CO: Durango La Plata County",282.0,27.0,16.0,1.0,1.0,0.0,9.0,1.0,2.0,1416.0,510.0,40.0,162.0,0.0,704.0
97,DSM,"Des Moines, IA: Des Moines International",889.0,123.0,49.47,5.17,36.37,0.0,32.01,24.0,3.0,9715.0,2467.0,3182.0,1425.0,0.0,2641.0
98,DTW,"Detroit, MI: Detroit Metro Wayne County",9399.0,1173.0,475.53,69.33,413.93,2.38,211.88,71.0,8.0,85796.0,45429.0,9984.0,15374.0,70.0,14939.0
99,DVL,"Devils Lake, ND: Devils Lake Regional",53.0,6.0,1.0,2.0,0.0,0.0,3.0,1.0,0.0,391.0,21.0,82.0,0.0,0.0,288.0
100,EAR,"Kearney, NE: Kearney Regional",61.0,9.0,8.0,0.0,0.0,0.0,1.0,3.0,0.0,269.0,229.0,0.0,0.0,0.0,40.0
101,EAU,"Eau Claire, WI: Chippewa Valley Regional",62.0,1.0,1.0,0.0,0.0,0.0,0.0,1.0,0.0,45.0,45.0,0.0,0.0,0.0,0.0
102,ECP,"Panama City, FL: Northwest Florida Beaches International",504.0,73.0,29.43,0.54,20.24,0.0,22.790000000000003,0.0,0.0,4257.0,1268.0,28.0,570.0,0.0,2391.0
103,EGE,"Eagle, CO: Eagle County Regional",325.0,64.0,10.15,5.0,36.36,0.0,12.48,15.0,10.0,5684.0,649.0,357.0,2207.0,0.0,2471.0
104,EKO,"Elko, NV: Elko Regional",56.0,5.0,3.0,1.0,1.0,0.0,0.0,0.0,0.0,780.0,64.0,695.0,21.0,0.0,0.0
105,ELM,"Elmira/Corning, NY: Elmira/Corning Regional",78.0,8.0,4.51,0.0,2.56,0.0,0.93,1.0,0.0,350.0,220.0,0.0,103.0,0.0,27.0
106,ELP,"El Paso, TX: El Paso International",789.0,126.0,64.23,1.19,28.96,0.0,31.619999999999997,1.0,0.0,7656.0,3215.0,88.0,1718.0,0.0,2635.0
107,ERI,"Erie, PA: Erie International/Tom Ridge Field",59.0,6.0,5.14,0.0,0.86,0.0,0.0,0.0,1.0,201.0,161.0,0.0,40.0,0.0,0.0
108,ESC,"Escanaba, MI: Delta County",53.0,7.0,6.0,1.0,0.0,0.0,0.0,0.0,1.0,1235.0,1218.0,17.0,0.0,0.0,0.0
109,EUG,"Eugene, OR: Mahlon Sweet Field",457.0,49.0,22.67,8.0,8.33,0.0,10.0,6.0,1.0,4349.0,1109.0,734.0,1623.0,0.0,883.0
110,EVV,"Evansville, IN: Evansville Regional",212.0,15.0,5.78,0.08,7.620000000000001,0.0,1.52,0.0,0.0,525.0,212.0,7.0,204.0,0.0,102.0
111,EWN,"New Bern/Morehead/Beaufort, NC: Coastal Carolina Regional",99.0,7.0,0.84,0.0,6.16,0.0,0.0,1.0,0.0,207.0,23.0,0.0,184.0,0.0,0.0
112,EWR,"Newark, NJ: Newark Liberty International",5204.0,603.0,223.08999999999997,17.47,227.0,3.45,131.96,133.0,5.0,34937.0,14809.0,1793.0,8289.0,87.0,9959.0
113,EYW,"Key West, FL: Key West International",690.0,76.0,24.96,2.0,37.22,1.0,10.809999999999999,5.0,2.0,3914.0,1927.0,134.0,1083.0,46.0,724.0
114,FAI,"Fairbanks, AK: Fairbanks International",93.0,14.0,5.1,1.53,5.54,0.0,1.83,0.0,0.0,564.0,179.0,204.0,134.0,0.0,47.0
115,FAR,"Fargo, ND: Hector International",459.0,60.0,28.99,7.21,20.88,0.0,2.92,14.0,2.0,3825.0,1834.0,1117.0,791.0,0.0,83.0
116,FAT,"Fresno, CA: Fresno Yosemite International",685.0,77.0,32.660000000000004,8.69,8.66,0.0,26.990000000000002,10.0,2.0,6469.0,1636.0,2343.0,415.0,0.0,2075.0
117,FAY,"Fayetteville, NC: Fayetteville Regional/Grannis Field",243.0,25.0,11.34,0.0,10.45,1.0,2.21,1.0,0.0,2223.0,1710.0,0.0,196.0,22.0,295.0
118,FCA,"Kalispell, MT: Glacier Park International",229.0,36.0,25.87,2.0,4.25,0.0,3.87,2.0,3.0,1471.0,1175.0,49.0,136.0,0.0,111.0
119,FLG,"Flagstaff, AZ: Flagstaff Pulliam",165.0,14.0,4.31,0.9,0.1,0.0,8.69,2.0,0.0,658.0,115.0,136.0,15.0,0.0,392.0
120,FLL,"Fort Lauderdale, FL: Fort Lauderdale-Hollywood International",6146.0,958.0,314.48,16.84,437.54,8.14,181.0,58.0,7.0,50287.0,18070.0,1513.0,17771.0,269.0,12664.0
121,FNT,"Flint, MI: Bishop International",191.0,18.0,6.07,0.48,10.29,0.0,1.17,1.0,0.0,797.0,393.0,28.0,312.0,0.0,64.0
122,FSD,"Sioux Falls, SD: Joe Foss Field",516.0,68.0,29.799999999999997,3.3,17.16,0.0,17.73,15.0,0.0,4924.0,1388.0,782.0,540.0,0.0,2214.0
123,FSM,"Fort Smith, AR: Fort Smith Regional",87.0,11.0,6.9399999999999995,0.0,1.43,0.0,2.62,0.0,0.0,498.0,279.0,0.0,41.0,0.0,178.0
124,FWA,"Fort Wayne, IN: Fort Wayne International",393.0,51.0,37.12,3.0,3.04,0.0,7.84,1.0,1.0,3510.0,3023.0,98.0,99.0,0.0,290.0
125,GCC,"Gillette, WY: Gillette Campbell County",55.0,8.0,7.0,0.0,0.0,0.0,1.0,0.0,0.0,336.0,268.0,0.0,0.0,0.0,68.0
126,GCK,"Garden City, KS: Garden City Regional",58.0,11.0,7.0,0.0,2.0,0.0,2.0,1.0,0.0,462.0,232.0,0.0,115.0,0.0,115.0
127,GEG,"Spokane, WA: Spokane International",1008.0,143.0,75.58,11.24,30.27,1.45,24.46,4.0,0.0,6887.0,3793.0,1024.0,873.0,51.0,1146.0
128,GFK,"Grand Forks, ND: Grand Forks International",101.0,18.0,11.55,4.0,1.3,0.0,1.15,2.0,0.0,1804.0,1347.0,281.0,42.0,0.0,134.0
129,GGG,"Longview, TX: East Texas Regional",71.0,10.0,3.08,0.08,4.63,0.0,2.22,1.0,1.0,278.0,59.0,7.0,100.0,0.0,112.0
130,GJT,"Grand Junction, CO: Grand Junction Regional",379.0,47.0,29.93,0.0,4.12,0.0,12.95,0.0,0.0,2270.0,1382.0,0.0,129.0,0.0,759.0
131,GNV,"Gainesville, FL: Gainesville Regional",257.0,21.0,6.57,0.0,6.62,0.0,7.8100000000000005,1.0,0.0,1180.0,410.0,0.0,150.0,0.0,620.0
132,GPT,"Gulfport/Biloxi, MS: Gulfport-Biloxi International",278.0,30.0,9.969999999999999,0.0,10.739999999999998,0.47,8.82,0.0,1.0,1167.0,372.0,0.0,314.0,8.0,473.0
133,GRB,"Green Bay, WI: Green Bay Austin Straubel International",313.0,25.0,11.62,0.3,7.48,0.0,5.609999999999999,4.0,0.0,1297.0,598.0,11.0,260.0,0.0,428.0
134,GRI,"Grand Island, NE: Central Nebraska Regional",80.0,6.0,1.46,1.0,1.35,0.0,2.19,4.0,0.0,1867.0,386.0,118.0,31.0,0.0,1332.0
135,GRK,"Killeen, TX: Robert Gray AAF",176.0,25.0,5.85,3.99,10.76,0.0,4.41,2.0,0.0,1207.0,327.0,210.0,443.0,0.0,227.0
136,GRR,"Grand Rapids, MI: Gerald R. Ford International",1030.0,132.0,51.23,2.3,39.07,0.44,38.94,6.0,0.0,6751.0,2952.0,228.0,1325.0,19.0,2227.0
137,GSO,"Greensboro/High Point, NC: Piedmont Triad International",439.0,48.0,24.33,1.58,9.8,0.0,12.290000000000001,1.0,1.0,2131.0,961.0,45.0,352.0,0.0,773.0
138,GSP,"Greer, SC: Greenville-Spartanburg International",767.0,79.0,42.489999999999995,0.0,23.7,1.5899999999999999,11.2,1.0,0.0,5289.0,3971.0,0.0,737.0,72.0,509.0
139,GTF,"Great Falls, MT: Great Falls International",209.0,24.0,15.68,4.0,2.81,0.0,1.51,2.0,2.0,824.0,504.0,201.0,54.0,0.0,65.0
140,GTR,"Columbus, MS: Golden Triangle Regional",86.0,7.0,6.99,0.0,0.01,0.0,0.0,0.0,0.0,368.0,367.0,0.0,1.0,0.0,0.0
141,GUC,"Gunnison, CO: Gunnison-Crested Butte Regional",84.0,18.0,10.629999999999999,2.0,1.37,0.0,4.0,2.0,1.0,895.0,434.0,108.0,26.0,0.0,327.0
142,GUM,"Guam, TT: Guam International",44.0,2.0,1.52,0.0,0.0,0.0,0.48,0.0,0.0,150.0,87.0,0.0,0.0,0.0,63.0
143,HDN,"Hayden, CO: Yampa Valley",245.0,31.0,16.990000000000002,1.0,10.34,0.0,2.6799999999999997,3.0,0.0,1265.0,876.0,63.0,258.0,0.0,68.0
144,HGR,"Hagerstown, MD: Hagerstown Regional-Richard A. Henson Field",14.0,1.0,0.0,1.0,0.0,0.0,0.0,0.0,0.0,20.0,0.0,20.0,0.0,0.0,0.0
145,HHH,"Hilton Head, SC: Hilton Head Airport",169.0,12.0,4.01,1.58,4.41,0.0,2.0,1.0,1.0,1087.0,230.0,673.0,127.0,0.0,57.0
146,HIB,"Hibbing, MN: Range Regional",53.0,6.0,3.0,2.0,0.0,1.0,0.0,2.0,0.0,1483.0,729.0,736.0,0.0,18.0,0.0
147,HLN,"Helena, MT: Helena Regional",105.0,7.0,5.0,2.0,0.0,0.0,0.0,0.0,0.0,654.0,582.0,72.0,0.0,0.0,0.0
148,HNL,"Honolulu, HI: Daniel K Inouye International",2757.0,215.0,120.51,4.26,53.91,0.0,36.32,44.0,5.0,15437.0,9541.0,1591.0,1868.0,0.0,2437.0
149,HOB,"Hobbs, NM: Lea County Regional",23.0,0.0,0.0,0.0,0.0,0.0,0.0,0.0,1.0,0.0,0.0,0.0,0.0,0.0,0.0
150,HOU,"Houston, TX: William P Hobby",3330.0,394.0,136.22,3.3,121.41000000000001,1.0,132.07,17.0,3.0,15718.0,4823.0,209.0,3700.0,40.0,6946.0
151,HPN,"White Plains, NY: Westchester County",276.0,44.0,17.16,0.0,17.88,0.0,8.95,3.0,1.0,3014.0,1410.0,0.0,840.0,0.0,764.0
152,HRL,"Harlingen/San Benito, TX: Valley International",200.0,28.0,13.620000000000001,2.27,2.89,0.0,9.21,0.0,0.0,969.0,482.0,59.0,78.0,0.0,350.0
153,HSV,"Huntsville, AL: Huntsville International-Carl T Jones Field",426.0,34.0,16.55,0.4,11.29,0.0,5.76,1.0,0.0,1413.0,655.0,19.0,561.0,0.0,178.0
154,HTS,"Ashland, WV: Tri-State/Milton J. Ferguson Field",37.0,1.0,0.0,0.0,0.0,0.0,1.0,0.0,1.0,19.0,0.0,0.0,0.0,0.0,19.0
155,HYS,"Hays, KS: Hays Regional",53.0,9.0,8.0,0.0,0.0,0.0,1.0,0.0,0.0,392.0,274.0,0.0,0.0,0.0,118.0
156,IAD,"Washington, DC: Washington Dulles International",3391.0,364.0,127.73,27.560000000000002,156.31,0.0,52.4,84.0,3.0,23467.0,9290.0,3995.0,6635.0,0.0,3547.0
157,IAG,"Niagara Falls, NY: Niagara Falls International",27.0,1.0,1.0,0.0,0.0,0.0,0.0,1.0,0.0,362.0,362.0,0.0,0.0,0.0,0.0
158,IAH,"Houston, TX: George Bush Intercontinental/Houston",7638.0,923.0,358.12,37.72,389.74,1.14,136.29,36.0,14.0,47820.0,21799.0,3150.0,14177.0,41.0,8653.0
159,ICT,"Wichita, KS: Wichita Dwight D Eisenhower National",605.0,73.0,40.07,0.91,15.0,0.0,17.03,6.0,0.0,3248.0,1669.0,86.0,474.0,0.0,1019.0
160,IDA,"Idaho Falls, ID: Idaho Falls Regional",227.0,30.0,20.27,1.0,2.84,0.0,5.89,0.0,0.0,1773.0,1277.0,15.0,104.0,0.0,377.0
161,ILM,"Wilmington, NC: Wilmington International",348.0,33.0,13.93,0.7,12.73,0.21,5.45,0.0,0.0,1152.0,482.0,18.0,378.0,6.0,268.0
162,IMT,"Iron Mountain/Kingsfd, MI: Ford",61.0,8.0,7.0,1.0,0.0,0.0,0.0,1.0,0.0,324.0,277.0,47.0,0.0,0.0,0.0
163,IND,"Indianapolis, IN: Indianapolis International",2089.0,232.0,100.14,3.13,47.6,0.37,80.78,17.0,0.0,12652.0,5526.0,74.0,1727.0,7.0,5318.0
164,INL,"International Falls, MN: Falls International Einarson Field",53.0,9.0,7.0,2.0,0.0,0.0,0.0,1.0,0.0,502.0,348.0,154.0,0.0,0.0,0.0
165,ISP,"Islip, NY: Long Island MacArthur",249.0,33.0,11.42,0.0,7.800000000000001,0.0,13.79,8.0,0.0,1265.0,367.0,0.0,224.0,0.0,674.0
166,ITH,"Ithaca/Cortland, NY: Ithaca Tompkins Regional",31.0,7.0,5.0,2.0,0.0,0.0,0.0,0.0,0.0,325.0,192.0,133.0,0.0,0.0,0.0
167,ITO,"Hilo, HI: Hilo International",328.0,17.0,11.97,0.13,0.96,0.0,3.94,4.0,1.0,633.0,491.0,2.0,27.0,0.0,113.0
168,JAC,"Jackson, WY: Jackson Hole",484.0,89.0,46.400000000000006,2.81,26.380000000000003,0.0,13.41,4.0,4.0,4797.0,3370.0,76.0,696.0,0.0,655.0
169,JAN,"Jackson/Vicksburg, MS: Jackson Medgar Wiley Evers International",343.0,25.0,8.379999999999999,0.2,6.59,1.0,8.84,2.0,1.0,1026.0,372.0,11.0,135.0,73.0,435.0
170,JAX,"Jacksonville, FL: Jacksonville International",1364.0,183.0,102.12,1.44,44.08,1.0,34.38,11.0,1.0,8967.0,5324.0,39.0,1702.0,17.0,1885.0
171,JFK,"New York, NY: John F. Kennedy International",3704.0,594.0,213.74,9.13,245.67999999999998,2.44,123.01,97.0,2.0,38443.0,16581.0,1173.0,8304.0,78.0,12307.0
172,JLN,"Joplin, MO: Joplin Regional",61.0,8.0,2.0,0.37,1.63,1.0,3.0,0.0,0.0,652.0,70.0,19.0,343.0,67.0,153.0
173,JMS,"Jamestown, ND: Jamestown Regional",84.0,12.0,7.0,1.0,0.0,0.0,4.0,2.0,1.0,764.0,607.0,40.0,0.0,0.0,117.0
174,JNU,"Juneau, AK: Juneau International",244.0,28.0,4.79,7.94,11.83,0.0,3.44,9.0,6.0,1066.0,142.0,379.0,403.0,0.0,142.0
175,JST,"Johnstown, PA: John Murtha Johnstown-Cambria County",51.0,7.0,7.0,0.0,0.0,0.0,0.0,4.0,0.0,404.0,404.0,0.0,0.0,0.0,0.0
176,KOA,"Kona, HI: Ellison Onizuka Kona International at Keahole",841.0,68.0,31.06,2.08,22.96,0.0,11.9,6.0,0.0,2850.0,1359.0,64.0,884.0,0.0,543.0
177,KTN,"Ketchikan, AK: Ketchikan International",120.0,16.0,3.8,2.52,5.03,0.0,4.65,4.0,7.0,559.0,181.0,81.0,151.0,0.0,146.0
178,LAN,"Lansing, MI: Capital Region International",120.0,21.0,6.77,5.03,7.0,0.0,2.21,0.0,0.0,1718.0,328.0,914.0,231.0,0.0,245.0
179,LAR,"Laramie, WY: Laramie Regional",53.0,10.0,5.0,3.0,0.0,0.0,2.0,4.0,0.0,627.0,196.0,360.0,0.0,0.0,71.0
180,LAS,"Las Vegas, NV: McCarran International",8528.0,774.0,293.96000000000004,25.97,274.28,2.2,177.57999999999998,58.0,2.0,40551.0,17839.0,3642.0,9910.0,65.0,9095.0
181,LAW,"Lawton/Fort Sill, OK: Lawton-Fort Sill Regional",68.0,12.0,1.0,1.78,7.02,0.0,2.2,15.0,1.0,2365.0,46.0,837.0,203.0,0.0,1279.0
182,LAX,"Los Angeles, CA: Los Angeles International",10062.0,997.0,424.3,46.24,363.38,3.02,160.07,70.0,12.0,61471.0,32390.0,4634.0,12606.0,103.0,11738.0
183,LBB,"Lubbock, TX: Lubbock Preston Smith International",396.0,66.0,25.52,1.76,10.120000000000001,0.0,28.6,1.0,0.0,4872.0,2227.0,176.0,705.0,0.0,1764.0
184,LBE,"Latrobe, PA: Arnold Palmer Regional",64.0,11.0,2.05,0.0,6.16,0.17,2.61,0.0,0.0,725.0,292.0,0.0,283.0,4.0,146.0
185,LBF,"North Platte, NE: North Platte Regional Airport Lee Bird Field",53.0,5.0,4.0,0.0,0.0,0.0,1.0,1.0,0.0,114.0,76.0,0.0,0.0,0.0,38.0
186,LBL,"Liberal, KS: Liberal Mid-America Regional",53.0,3.0,1.0,1.0,0.0,0.0,1.0,0.0,0.0,87.0,16.0,45.0,0.0,0.0,26.0
187,LCH,"Lake Charles, LA: Lake Charles Regional",11.0,1.0,1.0,0.0,0.0,0.0,0.0,0.0,0.0,36.0,36.0,0.0,0.0,0.0,0.0
188,LCK,"Columbus, OH: Rickenbacker International",74.0,15.0,4.25,0.0,7.7,0.0,3.05,0.0,0.0,1791.0,427.0,0.0,1089.0,0.0,275.0
189,LEX,"Lexington, KY: Blue Grass",495.0,45.0,21.6,0.82,13.42,0.0,9.15,0.0,1.0,2638.0,1352.0,68.0,553.0,0.0,665.0
190,LFT,"Lafayette, LA: Lafayette Regional Paul Fournet Field",238.0,16.0,5.6899999999999995,1.0,2.1100000000000003,0.0,7.19,1.0,2.0,1017.0,144.0,60.0,196.0,0.0,617.0
191,LGA,"New York, NY: LaGuardia",3863.0,394.0,148.72,6.49,147.3,2.05,89.42,101.0,10.0,26884.0,12150.0,391.0,6350.0,66.0,7927.0
192,LGB,"Long Beach, CA: Long Beach Airport",666.0,35.0,18.71,1.0,6.02,0.0,9.27,2.0,0.0,2167.0,1238.0,46.0,166.0,0.0,717.0
193,LIH,"Lihue, HI: Lihue Airport",385.0,11.0,7.66,0.0,2.06,0.0,1.28,99.0,0.0,441.0,342.0,0.0,58.0,0.0,41.0
194,LIT,"Little Rock, AR: Bill and Hillary Clinton Nat Adams Field",736.0,90.0,33.17,4.06,23.6,0.0,29.17,1.0,1.0,5470.0,2882.0,188.0,1062.0,0.0,1338.0
195,LNK,"Lincoln, NE: Lincoln Airport",73.0,7.0,6.0,1.0,0.0,0.0,0.0,2.0,0.0,252.0,232.0,20.0,0.0,0.0,0.0
196,LRD,"Laredo, TX: Laredo International",109.0,14.0,6.79,0.34,4.29,0.0,2.58,0.0,0.0,918.0,422.0,11.0,230.0,0.0,255.0
197,LSE,"La Crosse, WI: La Crosse Regional",157.0,22.0,15.0,3.18,3.7,0.0,0.13,3.0,0.0,1259.0,906.0,243.0,108.0,0.0,2.0
198,LWB,"Lewisburg, WV: Greenbrier Valley",31.0,2.0,1.0,0.0,0.0,0.0,1.0,2.0,0.0,73.0,33.0,0.0,0.0,0.0,40.0
199,LWS,"Lewiston, ID: Lewiston Nez Perce County",73.0,5.0,3.0,2.0,0.0,0.0,0.0,1.0,1.0,1030.0,78.0,952.0,0.0,0.0,0.0
200,LYH,"Lynchburg, VA: Lynchburg Regional/Preston Glenn Field",17.0,1.0,0.94,0.0,0.06,0.0,0.0,0.0,0.0,17.0,16.0,0.0,1.0,0.0,0.0
201,MAF,"Midland/Odessa, TX: Midland International Air and Space Port",553.0,93.0,47.47,1.29,14.420000000000002,0.0,29.82,5.0,1.0,6115.0,2439.0,34.0,907.0,0.0,2735.0
202,MBS,"Saginaw/Bay City/Midland, MI: MBS International",91.0,15.0,4.59,0.0,9.03,0.0,1.38,0.0,0.0,1281.0,841.0,0.0,305.0,0.0,135.0
203,MCI,"Kansas City, MO: Kansas City International",2243.0,269.0,116.19,3.15,86.98,1.2,61.46,19.0,1.0,12078.0,5296.0,979.0,2841.0,51.0,2911.0
204,MCO,"Orlando, FL: Orlando International",8648.0,1178.0,452.42,21.87,457.34000000000003,6.41,239.95999999999998,65.0,8.0,63524.0,29267.0,1332.0,17739.0,173.0,15013.0
205,MDT,"Harrisburg, PA: Harrisburg International",323.0,25.0,5.59,0.97,10.129999999999999,0.0,8.31,7.0,0.0,1492.0,240.0,185.0,407.0,0.0,660.0
206,MDW,"Chicago, IL: Chicago Midway International",4184.0,323.0,127.51,3.68,90.53999999999999,0.78,100.5,77.0,3.0,13177.0,5549.0,197.0,3128.0,14.0,4289.0
207,MEI,"Meridian, MS: Key Field",53.0,3.0,3.0,0.0,0.0,0.0,0.0,0.0,1.0,153.0,153.0,0.0,0.0,0.0,0.0
208,MEM,"Memphis, TN: Memphis International",1233.0,167.0,73.95,4.63,50.739999999999995,1.0,36.67,10.0,2.0,9318.0,4031.0,243.0,2720.0,27.0,2297.0
209,MFE,"Mission/McAllen/Edinburg, TX: McAllen Miller International",279.0,51.0,20.13,0.7799999999999999,18.38,0.0,11.690000000000001,0.0,1.0,2045.0,923.0,30.0,630.0,0.0,462.0
210,MFR,"Medford, OR: Rogue Valley International - Medford",421.0,57.0,29.54,11.0,4.46,0.0,12.0,2.0,6.0,6366.0,1724.0,3164.0,121.0,0.0,1357.0
211,MGM,"Montgomery, AL: Montgomery Regional",181.0,22.0,14.0,0.2,4.34,1.0,2.46,0.0,1.0,2639.0,2117.0,11.0,164.0,52.0,295.0
212,MHK,"Manhattan/Ft. Riley, KS: Manhattan Regional",58.0,4.0,0.62,0.0,1.52,0.0,1.86,0.0,0.0,155.0,18.0,0.0,27.0,0.0,110.0
213,MHT,"Manchester, NH: Manchester-Boston Regional",375.0,36.0,17.35,0.0,4.529999999999999,1.0,13.129999999999999,15.0,1.0,1926.0,671.0,0.0,143.0,21.0,1091.0
214,MIA,"Miami, FL: Miami International",5174.0,538.0,228.84,17.95,229.41000000000003,4.67,57.14,32.0,2.0,30057.0,14975.0,964.0,7898.0,162.0,6058.0
215,MKE,"Milwaukee, WI: General Mitchell International",1324.0,160.0,79.41,8.0,18.02,0.0,54.559999999999995,5.0,0.0,7278.0,3328.0,380.0,567.0,0.0,3003.0
216,MKG,"Muskegon, MI: Muskegon County",57.0,5.0,3.0,0.0,0.0,0.0,2.0,1.0,0.0,165.0,100.0,0.0,0.0,0.0,65.0
217,MLB,"Melbourne, FL: Melbourne International",202.0,14.0,5.04,0.0,5.4399999999999995,0.0,3.52,0.0,1.0,518.0,170.0,0.0,196.0,0.0,152.0
218,MLI,"Moline, IL: Quad City International",213.0,24.0,7.49,1.19,9.14,0.0,6.1899999999999995,5.0,2.0,1757.0,450.0,46.0,929.0,0.0,332.0
219,MLU,"Monroe, LA: Monroe Regional",201.0,19.0,11.94,0.51,4.1899999999999995,0.0,2.36,0.0,0.0,946.0,602.0,17.0,191.0,0.0,136.0
220,MOB,"Mobile, AL: Mobile Regional",219.0,21.0,11.99,0.0,6.88,0.0,2.13,0.0,2.0,976.0,473.0,0.0,323.0,0.0,180.0
221,MOT,"Minot, ND: Minot International",228.0,32.0,16.33,0.0,11.23,0.0,4.4399999999999995,3.0,0.0,2975.0,2377.0,0.0,377.0,0.0,221.0
222,MQT,"Marquette, MI: Sawyer International",114.0,19.0,13.629999999999999,3.07,2.15,0.0,0.15,1.0,1.0,1160.0,829.0,232.0,88.0,0.0,11.0
223,MRY,"Monterey, CA: Monterey Regional",198.0,28.0,9.8,0.05,8.24,0.0,9.92,0.0,1.0,1535.0,474.0,1.0,215.0,0.0,845.0
224,MSN,"Madison, WI: Dane County Regional-Truax Field",602.0,76.0,29.98,2.4,19.36,0.0,24.259999999999998,7.0,2.0,3851.0,1334.0,342.0,678.0,0.0,1497.0
225,MSO,"Missoula, MT: Missoula International",285.0,47.0,30.380000000000003,2.09,7.8,0.0,6.7299999999999995,2.0,2.0,2294.0,1629.0,85.0,248.0,0.0,332.0
226,MSP,"Minneapolis, MN: Minneapolis-St Paul International",8777.0,977.0,409.65,92.23,314.51,2.0,158.60000000000002,228.0,4.0,85668.0,41213.0,22240.0,11820.0,50.0,10345.0
227,MSY,"New Orleans, LA: Louis Armstrong New Orleans International",2164.0,271.0,120.16,3.19,86.44,1.92,59.290000000000006,9.0,1.0,12798.0,5448.0,133.0,4121.0,62.0,3034.0
228,MTJ,"Montrose/Delta, CO: Montrose Regional",294.0,34.0,15.170000000000002,2.45,8.790000000000001,0.0,7.610000000000001,4.0,0.0,1768.0,782.0,136.0,198.0,0.0,652.0
229,MYR,"Myrtle Beach, SC: Myrtle Beach International",542.0,62.0,14.06,0.89,34.37,0.82,11.860000000000001,6.0,0.0,2989.0,723.0,34.0,1180.0,18.0,1034.0
230,OAJ,"Jacksonville/Camp Lejeune, NC: Albert J Ellis",204.0,13.0,6.54,0.97,1.3599999999999999,0.0,4.13,0.0,1.0,1026.0,259.0,562.0,41.0,0.0,164.0
231,OAK,"Oakland, CA: Metropolitan Oakland International",2235.0,127.0,55.93,3.1399999999999997,21.450000000000003,1.0,45.49,19.0,1.0,5214.0,2329.0,152.0,732.0,17.0,1984.0
232,OGD,"Ogden, UT: Ogden-Hinckley",7.0,1.0,1.0,0.0,0.0,0.0,0.0,0.0,0.0,159.0,159.0,0.0,0.0,0.0,0.0
233,OGG,"Kahului, HI: Kahului Airport",1478.0,130.0,67.98,0.54,47.26,1.0,13.209999999999999,10.0,3.0,6915.0,3942.0,19.0,1525.0,36.0,1393.0
234,OGS,"Ogdensburg, NY: Ogdensburg International",53.0,9.0,8.0,0.0,0.0,0.0,1.0,0.0,0.0,553.0,518.0,0.0,0.0,0.0,35.0
235,OKC,"Oklahoma City, OK: Will Rogers World",1238.0,161.0,92.47,4.88,24.37,1.0,38.29,16.0,1.0,9669.0,5081.0,1451.0,1064.0,20.0,2053.0
236,OMA,"Omaha, NE: Eppley Airfield",1325.0,172.0,84.24,5.32,40.22,1.0,41.2,14.0,3.0,7105.0,3427.0,267.0,1133.0,18.0,2260.0
237,OME,"Nome, AK: Nome Airport",30.0,5.0,1.54,0.84,1.62,0.0,1.0,2.0,0.0,424.0,268.0,58.0,59.0,0.0,39.0
238,ONT,"Ontario, CA: Ontario International",1312.0,124.0,52.050000000000004,5.14,37.96,2.38,26.47,3.0,0.0,5543.0,2526.0,126.0,1302.0,79.0,1510.0
239,ORD,"Chicago, IL: Chicago O'Hare International",12621.0,1231.0,438.04,81.63,500.56,2.8200000000000003,207.96,150.0,7.0,91236.0,38177.0,11001.0,21783.0,67.0,20208.0
240,ORF,"Norfolk, VA: Norfolk International",1116.0,129.0,59.65,1.79,47.949999999999996,0.13,19.47,5.0,2.0,6267.0,3103.0,149.0,1732.0,2.0,1281.0
241,OTH,"North Bend/Coos Bay, OR: Southwest Oregon Regional",13.0,2.0,1.0,1.0,0.0,0.0,0.0,0.0,3.0,75.0,38.0,37.0,0.0,0.0,0.0
242,OTZ,"Kotzebue, AK: Ralph Wien Memorial",30.0,8.0,4.69,0.0,3.31,0.0,0.0,1.0,0.0,229.0,171.0,0.0,58.0,0.0,0.0
243,OWB,"Owensboro, KY: Owensboro Daviess County Regional",9.0,0.0,0.0,0.0,0.0,0.0,0.0,0.0,0.0,0.0,0.0,0.0,0.0,0.0,0.0
244,PAE,"Everett, WA: Snohomish County",23.0,1.0,1.0,0.0,0.0,0.0,0.0,0.0,0.0,25.0,25.0,0.0,0.0,0.0,0.0
245,PAH,"Paducah, KY: Barkley Regional",62.0,2.0,2.0,0.0,0.0,0.0,0.0,1.0,0.0,80.0,80.0,0.0,0.0,0.0,0.0
246,PBG,"Plattsburgh, NY: Plattsburgh International",71.0,9.0,5.03,0.0,0.1,0.0,3.86,5.0,0.0,897.0,527.0,0.0,3.0,0.0,367.0
247,PBI,"West Palm Beach/Palm Beach, FL: Palm Beach International",1627.0,265.0,80.0,6.54,139.46,1.0,38.0,20.0,1.0,14939.0,5740.0,422.0,5690.0,41.0,3046.0
248,PDX,"Portland, OR: Portland International",2903.0,268.0,123.00999999999999,15.719999999999999,75.62,1.99,51.67,23.0,2.0,12452.0,5995.0,1170.0,2405.0,274.0,2608.0
249,PGD,"Punta Gorda, FL: Punta Gorda Airport",517.0,88.0,22.55,2.09,35.91,0.03,27.43,8.0,2.0,5990.0,2040.0,185.0,1341.0,11.0,2413.0
250,PHF,"Newport News/Williamsburg, VA: Newport News/Williamsburg International",72.0,9.0,5.14,0.0,1.02,0.0,2.83,0.0,0.0,469.0,319.0,0.0,41.0,0.0,109.0
251,PHL,"Philadelphia, PA: Philadelphia International",5455.0,623.0,211.88,6.949999999999999,258.28,5.41,140.48,44.0,5.0,37576.0,15749.0,351.0,8266.0,177.0,13033.0
252,PHX,"Phoenix, AZ: Phoenix Sky Harbor International",10312.0,1079.0,438.78,33.59,358.40999999999997,7.26,240.98,51.0,6.0,70358.0,32480.0,3781.0,11547.0,336.0,22214.0
253,PIA,"Peoria, IL: General Downing - Peoria International",213.0,30.0,10.82,1.36,6.01,1.0,10.81,2.0,1.0,1607.0,622.0,112.0,153.0,58.0,662.0
254,PIB,"Hattiesburg/Laurel, MS: Hattiesburg-Laurel Regional",53.0,2.0,2.0,0.0,0.0,0.0,0.0,0.0,0.0,46.0,46.0,0.0,0.0,0.0,0.0
255,PIE,"St. Petersburg, FL: St Pete Clearwater International",593.0,95.0,25.4,3.99,31.78,0.0,33.83,8.0,4.0,7363.0,2941.0,589.0,1473.0,0.0,2360.0
256,PIH,"Pocatello, ID: Pocatello Regional",100.0,14.0,12.0,2.0,0.0,0.0,0.0,0.0,0.0,1106.0,857.0,249.0,0.0,0.0,0.0
257,PIR,"Pierre, SD: Pierre Regional",53.0,9.0,6.0,0.0,0.0,0.0,3.0,0.0,0.0,380.0,231.0,0.0,0.0,0.0,149.0
258,PIT,"Pittsburgh, PA: Pittsburgh International",1922.0,208.0,83.66,3.2,64.46,0.0,56.68,20.0,1.0,10156.0,4527.0,130.0,2179.0,0.0,3320.0
259,PLN,"Pellston, MI: Pellston Regional Airport of Emmet County",53.0,10.0,7.0,3.0,0.0,0.0,0.0,0.0,0.0,1014.0,229.0,785.0,0.0,0.0,0.0
260,PNS,"Pensacola, FL: Pensacola International",759.0,87.0,38.71,0.78,29.96,1.6099999999999999,15.93,5.0,1.0,3569.0,1578.0,50.0,804.0,79.0,1058.0
261,PRC,"Prescott, AZ: Prescott Regional Ernest A Love Field",63.0,6.0,6.0,0.0,0.0,0.0,0.0,0.0,0.0,234.0,234.0,0.0,0.0,0.0,0.0
262,PSC,"Pasco/Kennewick/Richland, WA: Tri Cities",293.0,32.0,18.0,11.0,2.0,0.0,1.0,1.0,1.0,1895.0,953.0,683.0,226.0,0.0,33.0
263,PSG,"Petersburg, AK: Petersburg James A Johnson",60.0,15.0,1.03,4.06,3.16,0.0,6.75,4.0,2.0,552.0,24.0,145.0,110.0,0.0,273.0
264,PSM,"Portsmouth, NH: Portsmouth International at Pease",23.0,3.0,1.0,1.0,1.0,0.0,0.0,0.0,0.0,77.0,32.0,25.0,20.0,0.0,0.0
265,PSP,"Palm Springs, CA: Palm Springs International",1163.0,108.0,66.21,4.47,16.82,0.0,20.53,28.0,7.0,8105.0,3092.0,798.0,2520.0,0.0,1695.0
266,PUB,"Pueblo, CO: Pueblo Memorial",53.0,7.0,6.0,0.0,0.0,0.0,1.0,1.0,0.0,226.0,181.0,0.0,0.0,0.0,45.0
267,PVD,"Providence, RI: Theodore Francis Green State",541.0,63.0,27.94,2.27,14.760000000000002,0.0,18.03,16.0,2.0,4478.0,2063.0,87.0,682.0,0.0,1646.0
268,PVU,"Provo, UT: Provo Municipal",52.0,13.0,3.31,1.0,6.01,0.0,2.68,4.0,0.0,1539.0,192.0,338.0,933.0,0.0,76.0
269,PWM,"Portland, ME: Portland International Jetport",503.0,67.0,30.65,4.83,24.490000000000002,0.0,7.03,16.0,3.0,4706.0,2180.0,750.0,954.0,0.0,822.0
270,RAP,"Rapid City, SD: Rapid City Regional",337.0,50.0,26.02,6.42,8.05,0.0,9.510000000000002,8.0,1.0,2030.0,987.0,340.0,229.0,0.0,474.0
271,RDD,"Redding, CA: Redding Municipal",29.0,3.0,3.0,0.0,0.0,0.0,0.0,0.0,0.0,182.0,182.0,0.0,0.0,0.0,0.0
272,RDM,"Bend/Redmond, OR: Roberts Field",380.0,38.0,24.0,9.0,0.0,0.0,5.0,2.0,3.0,3733.0,1267.0,1993.0,0.0,0.0,473.0
273,RDU,"Raleigh/Durham, NC: Raleigh-Durham International",2368.0,281.0,131.65,1.47,79.45,1.22,67.19,21.0,1.0,14340.0,7443.0,122.0,2648.0,56.0,4071.0
274,RFD,"Rockford, IL: Chicago/Rockford International",66.0,7.0,1.32,0.0,2.96,0.0,2.73,0.0,0.0,589.0,125.0,0.0,298.0,0.0,166.0
275,RHI,"Rhinelander, WI: Rhinelander/Oneida County",63.0,11.0,9.0,2.0,0.0,0.0,0.0,2.0,1.0,490.0,340.0,150.0,0.0,0.0,0.0
276,RIC,"Richmond, VA: Richmond International",888.0,122.0,57.65,1.6,39.83,1.6,21.32,3.0,1.0,5154.0,2738.0,99.0,1238.0,65.0,1014.0
277,RIW,"Riverton/Lander, WY: Riverton Regional",45.0,1.0,0.0,0.0,1.0,0.0,0.0,2.0,2.0,699.0,0.0,0.0,699.0,0.0,0.0
278,RKS,"Rock Springs, WY: Southwest Wyoming Regional",45.0,5.0,5.0,0.0,0.0,0.0,0.0,0.0,1.0,145.0,145.0,0.0,0.0,0.0,0.0
279,RNO,"Reno, NV: Reno/Tahoe International",1033.0,102.0,57.940000000000005,2.65,17.25,0.0,24.15,2.0,1.0,4420.0,2727.0,53.0,420.0,0.0,1220.0
280,ROA,"Roanoke, VA: Roanoke Blacksburg Regional Woodrum Field",123.0,6.0,4.9,1.0,0.07,0.0,0.03,0.0,0.0,266.0,127.0,136.0,2.0,0.0,1.0
281,ROC,"Rochester, NY: Greater Rochester International",422.0,51.0,23.28,1.22,17.23,0.0,9.26,2.0,0.0,2842.0,1569.0,140.0,556.0,0.0,577.0
282,ROW,"Roswell, NM: Roswell International Air Center",57.0,6.0,1.0,0.0,0.0,0.0,5.0,0.0,0.0,198.0,24.0,0.0,0.0,0.0,174.0
283,RST,"Rochester, MN: Rochester International",238.0,27.0,13.18,2.0,8.96,0.0,2.8600000000000003,4.0,1.0,2701.0,1306.0,717.0,387.0,0.0,291.0
284,RSW,"Fort Myers, FL: Southwest Florida International",3235.0,458.0,152.18,6.4799999999999995,222.89,1.8399999999999999,74.6,29.0,2.0,22868.0,9143.0,1007.0,7907.0,52.0,4759.0
285,SAF,"Santa Fe, NM: Santa Fe Municipal",96.0,18.0,7.0,0.0,0.0,0.0,11.0,0.0,0.0,2088.0,1201.0,0.0,0.0,0.0,887.0
286,SAN,"San Diego, CA: San Diego International",3787.0,360.0,149.13,11.75,130.04,0.0,69.09,21.0,5.0,15212.0,6695.0,1020.0,4175.0,0.0,3322.0
287,SAT,"San Antonio, TX: San Antonio International",1630.0,259.0,138.84,12.6,57.98,0.03,49.559999999999995,4.0,1.0,11588.0,5713.0,568.0,1921.0,2.0,3384.0
288,SAV,"Savannah, GA: Savannah/Hilton Head International",868.0,81.0,34.19,3.7,25.18,0.0,17.93,5.0,1.0,4976.0,1883.0,1146.0,858.0,0.0,1089.0
289,SBA,"Santa Barbara, CA: Santa Barbara Municipal",251.0,21.0,12.04,0.85,3.08,0.0,5.04,1.0,1.0,898.0,385.0,22.0,160.0,0.0,331.0
290,SBN,"South Bend, IN: South Bend International",450.0,43.0,31.4,2.0,5.29,0.0,4.31,4.0,0.0,2591.0,2194.0,60.0,193.0,0.0,144.0
291,SBP,"San Luis Obispo, CA: San Luis County Regional",309.0,26.0,16.33,0.0,1.0,0.0,8.67,0.0,2.0,1226.0,747.0,0.0,49.0,0.0,430.0
292,SCC,"Deadhorse, AK: Deadhorse Airport",43.0,16.0,1.75,7.78,4.58,0.0,1.89,2.0,0.0,501.0,113.0,215.0,138.0,0.0,35.0
293,SCE,"State College, PA: University Park",47.0,11.0,7.97,3.0,0.03,0.0,0.0,1.0,1.0,780.0,646.0,128.0,6.0,0.0,0.0
294,SCK,"Stockton, CA: Stockton Metropolitan",33.0,2.0,0.96,0.0,0.04,0.0,1.0,2.0,1.0,156.0,108.0,0.0,4.0,0.0,44.0
295,SDF,"Louisville, KY: Louisville Muhammad Ali International",1038.0,95.0,43.83,3.66,27.2,0.0,20.31,5.0,0.0,4750.0,2264.0,268.0,1048.0,0.0,1170.0
296,SEA,"Seattle, WA: Seattle/Tacoma International",8645.0,693.0,297.99,52.17,230.06,2.17,110.60000000000001,93.0,20.0,37280.0,17138.0,5843.0,7533.0,47.0,6719.0
297,SFB,"Sanford, FL: Orlando Sanford International",700.0,80.0,23.23,4.83,28.11,0.0,23.83,9.0,1.0,6930.0,3396.0,444.0,1140.0,0.0,1950.0
298,SFO,"San Francisco, CA: San Francisco International",6192.0,480.0,234.79,36.39,119.47,0.33,89.04,61.0,7.0,32007.0,16998.0,3756.0,5107.0,11.0,6135.0
299,SGF,"Springfield, MO: Springfield-Branson National",536.0,50.0,25.14,2.54,11.2,0.0,11.11,2.0,0.0,2715.0,1113.0,163.0,683.0,0.0,756.0
300,SGU,"St. George, UT: St George Regional",283.0,22.0,17.0,3.0,0.0,0.0,2.0,1.0,0.0,1384.0,1099.0,226.0,0.0,0.0,59.0
301,SHD,"Staunton, VA: Shenandoah Valley Regional",53.0,11.0,9.0,0.0,0.0,0.0,2.0,1.0,0.0,525.0,441.0,0.0,0.0,0.0,84.0
302,SHR,"Sheridan, WY: Sheridan County",53.0,5.0,3.0,0.0,0.0,0.0,2.0,0.0,1.0,273.0,171.0,0.0,0.0,0.0,102.0
303,SHV,"Shreveport, LA: Shreveport Regional",358.0,33.0,18.439999999999998,1.0,6.67,1.0,5.88,2.0,3.0,1223.0,639.0,21.0,176.0,18.0,369.0
304,SIT,"Sitka, AK: Sitka Rocky Gutierrez",31.0,6.0,2.24,0.0,0.68,0.0,3.08,0.0,0.0,171.0,62.0,0.0,18.0,0.0,91.0
305,SJC,"San Jose, CA: Norman Y. Mineta San Jose International",2128.0,159.0,75.81,7.0,25.24,0.0,50.94,29.0,5.0,7947.0,3343.0,771.0,801.0,0.0,3032.0
306,SJT,"San Angelo, TX: San Angelo Regional/Mathis Field",124.0,9.0,2.46,0.22,3.73,0.96,1.63,3.0,0.0,497.0,65.0,15.0,311.0,27.0,79.0
307,SJU,"San Juan, PR: Luis Munoz Marin International",2118.0,313.0,149.79000000000002,11.129999999999999,108.66,0.0,43.400000000000006,25.0,3.0,18748.0,9463.0,1000.0,5026.0,0.0,3259.0
308,SLC,"Salt Lake City, UT: Salt Lake City International",8760.0,1068.0,527.0600000000001,87.14,306.84999999999997,0.0,146.96,51.0,0.0,69501.0,39754.0,9918.0,9213.0,0.0,10616.0
309,SLN,"Salina, KS: Salina Regional",53.0,6.0,4.0,0.0,0.0,0.0,2.0,0.0,0.0,220.0,127.0,0.0,0.0,0.0,93.0
310,SMF,"Sacramento, CA: Sacramento International",2542.0,241.0,113.02000000000001,11.99,55.91,2.1399999999999997,57.949999999999996,9.0,5.0,10870.0,6090.0,697.0,1453.0,240.0,2390.0
311,SMX,"Santa Maria, CA: Santa Maria Public/Capt. G. Allan Hancock Field",21.0,4.0,2.0,0.0,0.05,0.0,1.95,1.0,0.0,357.0,261.0,0.0,3.0,0.0,93.0
312,SNA,"Santa Ana, CA: John Wayne Airport-Orange County",1791.0,162.0,69.12,1.78,58.2,1.0,31.9,6.0,2.0,6118.0,3181.0,61.0,1703.0,16.0,1157.0
313,SPI,"Springfield, IL: Abraham Lincoln Capital",11.0,1.0,0.82,0.0,0.0,0.0,0.18,0.0,0.0,33.0,27.0,0.0,0.0,0.0,6.0
314,SPN,"Saipan, TT: Francisco C. Ada Saipan International",13.0,1.0,0.0,1.0,0.0,0.0,0.0,0.0,0.0,24.0,0.0,24.0,0.0,0.0,0.0
315,SPS,"Wichita Falls, TX: Sheppard AFB/Wichita Falls Municipal",84.0,14.0,2.53,1.27,8.61,0.0,1.58,1.0,0.0,445.0,158.0,30.0,186.0,0.0,71.0
316,SRQ,"Sarasota/Bradenton, FL: Sarasota/Bradenton International",924.0,136.0,40.96,6.5,65.17,0.0,23.369999999999997,13.0,0.0,6447.0,1791.0,541.0,2488.0,0.0,1627.0
317,STC,"St. Cloud, MN: St. Cloud Regional",13.0,2.0,1.0,0.0,1.0,0.0,0.0,0.0,0.0,35.0,15.0,0.0,20.0,0.0,0.0
318,STL,"St. Louis, MO: St Louis Lambert International",2917.0,264.0,120.0,2.34,76.35,0.0,65.31,15.0,0.0,10538.0,5190.0,220.0,2310.0,0.0,2818.0
319,STS,"Santa Rosa, CA: Charles M. Schulz - Sonoma County",137.0,13.0,3.42,0.0,3.37,0.0,6.21,1.0,2.0,600.0,192.0,0.0,69.0,0.0,339.0
320,STT,"Charlotte Amalie, VI: Cyril E King",454.0,42.0,17.950000000000003,0.99,20.55,0.0,2.53,5.0,0.0,2228.0,955.0,262.0,724.0,0.0,287.0
321,STX,"Christiansted, VI: Henry E. Rohlsen",114.0,11.0,7.59,0.0,3.23,0.0,0.18,0.0,0.0,551.0,407.0,0.0,140.0,0.0,4.0
322,SUN,"Sun Valley/Hailey/Ketchum, ID: Friedman Memorial",170.0,34.0,31.0,2.0,1.0,0.0,0.0,0.0,4.0,1102.0,886.0,195.0,21.0,0.0,0.0
323,SUX,"Sioux City, IA: Sioux Gateway Brig Gen Bud Day Field",57.0,4.0,2.0,0.0,1.0,0.0,1.0,2.0,0.0,182.0,87.0,0.0,17.0,0.0,78.0
324,SWF,"Newburgh/Poughkeepsie, NY: New York Stewart International",26.0,0.0,0.0,0.0,0.0,0.0,0.0,0.0,0.0,0.0,0.0,0.0,0.0,0.0,0.0
325,SWO,"Stillwater, OK: Stillwater Regional",41.0,4.0,1.0,0.08,2.0,0.0,0.92,0.0,0.0,171.0,38.0,7.0,45.0,0.0,81.0
326,SYR,"Syracuse, NY: Syracuse Hancock International",420.0,41.0,13.66,0.26,19.84,0.0,7.26,4.0,2.0,1978.0,686.0,16.0,753.0,0.0,523.0
327,TLH,"Tallahassee, FL: Tallahassee International",364.0,36.0,17.98,0.0,9.32,0.33,8.370000000000001,1.0,0.0,2095.0,910.0,0.0,243.0,10.0,932.0
328,TOL,"Toledo, OH: Toledo Express",37.0,3.0,2.0,0.0,0.0,0.0,1.0,0.0,0.0,81.0,62.0,0.0,0.0,0.0,19.0
329,TPA,"Tampa, FL: Tampa International",4782.0,665.0,229.24,11.59,279.61,3.27,141.3,45.0,5.0,29754.0,11373.0,1074.0,9948.0,83.0,7276.0
330,TRI,"Bristol/Johnson City/Kingsport, TN: Tri Cities",164.0,15.0,6.890000000000001,1.0,1.32,0.0,5.79,0.0,3.0,882.0,442.0,51.0,70.0,0.0,319.0
331,TTN,"Trenton, NJ: Trenton Mercer",85.0,10.0,0.74,0.0,6.4,0.0,2.86,1.0,1.0,934.0,320.0,0.0,150.0,0.0,464.0
332,TUL,"Tulsa, OK: Tulsa International",851.0,101.0,53.17,1.67,15.55,0.0,30.61,6.0,3.0,5508.0,2779.0,269.0,640.0,0.0,1820.0
333,TUS,"Tucson, AZ: Tucson International",1061.0,129.0,69.15,9.33,21.860000000000003,0.0,28.66,5.0,0.0,7638.0,4022.0,843.0,751.0,0.0,2022.0
334,TVC,"Traverse City, MI: Cherry Capital",195.0,33.0,20.369999999999997,4.57,7.48,0.0,0.59,5.0,1.0,2952.0,1950.0,804.0,178.0,0.0,20.0
335,TWF,"Twin Falls, ID: Joslin Field - Magic Valley Regional",100.0,10.0,10.0,0.0,0.0,0.0,0.0,0.0,0.0,326.0,326.0,0.0,0.0,0.0,0.0
336,TXK,"Texarkana, AR: Texarkana Regional-Webb Field",83.0,10.0,2.75,1.0,3.54,0.0,2.72,0.0,0.0,1001.0,266.0,45.0,245.0,0.0,445.0
337,TYR,"Tyler, TX: Tyler Pounds Regional",105.0,13.0,0.15,0.32,9.05,0.0,3.48,3.0,1.0,541.0,6.0,56.0,252.0,0.0,227.0
338,TYS,"Knoxville, TN: McGhee Tyson",682.0,96.0,40.91,3.6799999999999997,22.27,0.0,29.130000000000003,3.0,4.0,5749.0,2855.0,161.0,933.0,0.0,1800.0
339,USA,"Concord, NC: Concord Padgett Regional",81.0,16.0,3.15,0.0,7.29,0.0,5.56,0.0,0.0,1055.0,71.0,0.0,751.0,0.0,233.0
340,VCT,"Victoria, TX: Victoria Regional",53.0,6.0,4.0,1.0,0.0,0.0,1.0,2.0,0.0,1760.0,1614.0,58.0,0.0,0.0,88.0
341,VEL,"Vernal, UT: Vernal Regional",53.0,6.0,2.0,3.0,0.0,0.0,1.0,3.0,4.0,346.0,61.0,224.0,0.0,0.0,61.0
342,VLD,"Valdosta, GA: Valdosta Regional",91.0,6.0,1.81,0.0,2.96,0.0,1.23,0.0,0.0,125.0,33.0,0.0,57.0,0.0,35.0
343,VPS,"Valparaiso, FL: Eglin AFB Destin Fort Walton Beach",573.0,52.0,16.96,2.29,20.05,0.0,12.7,7.0,1.0,3855.0,1863.0,218.0,797.0,0.0,977.0
344,WRG,"Wrangell, AK: Wrangell Airport",60.0,11.0,0.29,1.0,2.9,0.0,6.81,5.0,1.0,355.0,15.0,16.0,75.0,0.0,249.0
345,XNA,"Fayetteville, AR: Northwest Arkansas Regional",521.0,57.0,24.33,3.88,14.379999999999999,0.0,14.419999999999998,6.0,6.0,2872.0,925.0,141.0,1290.0,0.0,516.0
346,XWA,"Williston, ND: Williston Basin International",57.0,7.0,5.0,0.0,0.0,0.0,2.0,0.0,0.0,316.0,237.0,0.0,0.0,0.0,79.0
347,YAK,"Yakutat, AK: Yakutat Airport",60.0,9.0,0.99,0.0,5.51,0.0,2.5,5.0,6.0,373.0,32.0,0.0,150.0,0.0,191.0
348,YUM,"Yuma, AZ: Yuma MCAS/Yuma International",155.0,17.0,10.09,0.0,0.0,0.0,6.91,1.0,0.0,1910.0,1205.0,0.0,0.0,0.0,705.0
